Workbook

Sheet processados
A1: cod_id | C1: endereco | D1: pasta_atual | E1: link_usado | F1: link_original_base | G1: check_box
A2: 1358664738 | B2: =_xlfn.XLOOKUP(A2,[1]links!$B:$B,[1]links!$A:$A) | C2: RUA CALIMERIO GUIMARAES 1485, 1485, DOUTOR PEDRO PEZZUTI | D2: BAIXA CONFIANCA - REVISAO | F2: https://www.google.com/maps/@?api=1&map_action=pano&viewpoint=-19.6017024583,-46.9317860959 | G2: FALSE
A3: 1496652853 | B3: =_xlfn.XLOOKUP(A3,[1]links!$B:$B,[1]links!$A:$A) | C3: RUA MARECHAL DEODORO 441, 441, CENTRO | D3: ESQUINA - REVISAO | F3: https://www.google.com/maps/@?api=1&map_action=pano&viewpoint=-19.5914561837,-46.9461888472 | G3: FALSE
A4: 1684853981 | B4: =_xlfn.XLOOKUP(A4,[1]links!$B:$B,[1]links!$A:$A) | C4: AVENIDA GETULIO VARGAS 675, 675, CENTRO | D4: POSTE UTILIZADO - REVISAO | F4: https://www.google.com/maps/@?api=1&map_action=pano&viewpoint=-19.5976348085,-46.9354733918 | G4: FALSE
A5: 219090082 | B5: =_xlfn.XLOOKUP(A5,[1]links!$B:$B,[1]links!$A:$A) | C5: RUA ANYSIO ROBERTO DA SILVA 140, 140, PRIMAVERAS | D5: POSTE UTILIZADO - REVISAO | E5: https://www.google.com/maps/@-19.6163418,-46.9260843,3a,74.1y,207.95h,107.71t/data=!3m7!1e1!3m5!1s9TJ1fGM0wHdkkJUHNvGoiw!2e0!6shttps:%2F%2Fstreetviewpixels-pa.clients6.google.com%2Fv1%2Fthumbnail%3Fcb_client%3Dmaps_sv.tactile%26w%3D900%26h%3D600%26pitch%3D-17.70742403609708%26panoid%3D9TJ1fGM0wHdkkJUHNvGoiw%26yaw%3D207.9531224695191!7i16384!8i8192?entry=ttu&g_ep=EgoyMDI2MDgxOS4wIKXMDSoASAFQAw%3D%3D | F5: https://www.google.com/maps/@?api=1&map_action=pano&viewpoint=-19.6163514809,-46.9262580622 | G5: TRUE | H5: =_xlfn.NUMBERVALUE(A5) | I5: =_xlfn.XLOOKUP(H5,Sheet1!A:A,Sheet1!B:B)
A6: 219090086 | B6: =_xlfn.XLOOKUP(A6,[1]links!$B:$B,[1]links!$A:$A) | C6: RUA EDSON APARECIDO DE SOUZA 235, 235, PRIMAVERAS | D6: POSTE UTILIZADO - OK | E6: https://www.google.com/maps/@-19.6171679,-46.9282077,3a,61.5y,233.82h,125.14t/data=!3m7!1e1!3m5!1snXIuk0AHrj2i41bmlfVk4g!2e0!6shttps:%2F%2Fstreetviewpixels-pa.clients6.google.com%2Fv1%2Fthumbnail%3Fcb_client%3Dmaps_sv.tactile%26w%3D900%26h%3D600%26pitch%3D-35.14448430046883%26panoid%3DnXIuk0AHrj2i41bmlfVk4g%26yaw%3D233.82494970398218!7i16384!8i8192?entry=ttu&g_ep=EgoyMDI2MDgxOS4wIKXMDSoASAFQAw%3D%3D | F6: https://www.google.com/maps/@?api=1&map_action=pano&viewpoint=-19.6172341862,-46.9281846528 | G6: TRUE | H6: =_xlfn.NUMBERVALUE(A6) | I6: =_xlfn.XLOOKUP(H6,Sheet1!A:A,Sheet1!B:B)
A7: 219298049 | B7: =_xlfn.XLOOKUP(A7,[1]links!$B:$B,[1]links!$A:$A) | C7: RUA MARECHAL DEODORO 375, 375, CENTRO | D7: BAIXA CONFIANCA - REVISAO | F7: https://www.google.com/maps/@?api=1&map_action=pano&viewpoint=-19.5914324748,-46.9469679704 | G7: FALSE
A8: 219298070 | B8: =_xlfn.XLOOKUP(A8,[1]links!$B:$B,[1]links!$A:$A) | C8: RUA GERALDA DETONI 56, 56, SANTA LUZIA | D8: POSTE UTILIZADO - REVISAO | E8: https://www.google.com/maps/@-19.5956345,-46.9467056,3a,75y,67.38h,112.74t/data=!3m7!1e1!3m5!1sMWSAit6qYADnp98bEZ_Fuw!2e0!6shttps:%2F%2Fstreetviewpixels-pa.googleapis.com%2Fv1%2Fthumbnail%3Fcb_client%3Dmaps_sv.tactile%26w%3D900%26h%3D600%26pitch%3D-22.742571625423054%26panoid%3DMWSAit6qYADnp98bEZ_Fuw%26yaw%3D67.3844637914525!7i16384!8i8192?entry=ttu | F8: https://www.google.com/maps/@?api=1&map_action=pano&viewpoint=-19.5956538529,-46.9466947042 | G8: TRUE | H8: =_xlfn.NUMBERVALUE(A8) | I8: =_xlfn.XLOOKUP(H8,Sheet1!A:A,Sheet1!B:B)
A9: 219298157 | B9: =_xlfn.XLOOKUP(A9,[1]links!$B:$B,[1]links!$A:$A) | C9: RUA JOAQUIM ANTONIO DUTRA 630, 630, CENTRO | D9: ESQUINA - OK | F9: https://www.google.com/maps/@?api=1&map_action=pano&viewpoint=-19.5914399797,-46.9462722863 | G9: FALSE
A10: 219298164 | B10: =_xlfn.XLOOKUP(A10,[1]links!$B:$B,[1]links!$A:$A) | C10: RUA GERALDA DETONI 545, 545, SANTA LUZIA | D10: ESQUINA - REVISAO | F10: https://www.google.com/maps/@?api=1&map_action=pano&viewpoint=-19.5997738451,-46.9466107983 | G10: FALSE
A11: 219298165 | B11: =_xlfn.XLOOKUP(A11,[1]links!$B:$B,[1]links!$A:$A) | C11: RUA MARCELINA CARDOSO 230, 230, SANTA LUZIA | D11: ESQUINA - REVISAO | F11: https://www.google.com/maps/@?api=1&map_action=pano&viewpoint=-19.5996249048,-46.9461801157 | G11: FALSE
A12: 219298197 | B12: =_xlfn.XLOOKUP(A12,[1]links!$B:$B,[1]links!$A:$A) | C12: RUA PAUL HARRIS 511, 511, JOAO RIBEIRO | D12: ESQUINA - REVISAO | F12: https://www.google.com/maps/@?api=1&map_action=pano&viewpoint=-19.6005603993,-46.9448760214 | G12: FALSE
A13: 219298202 | B13: =_xlfn.XLOOKUP(A13,[1]links!$B:$B,[1]links!$A:$A) | C13: RUA FUNCIONARIO JOAO ROSA 125, 125, CENTRO | D13: ESQUINA - REVISAO | F13: https://www.google.com/maps/@?api=1&map_action=pano&viewpoint=-19.5939088732,-46.945167775 | G13: FALSE
A14: 219298203 | B14: =_xlfn.XLOOKUP(A14,[1]links!$B:$B,[1]links!$A:$A) | C14: TRAVESSA DEZ 295, 295, CENTRO | D14: ESQUINA - REVISAO | F14: https://www.google.com/maps/@?api=1&map_action=pano&viewpoint=-19.5953479045,-46.9449086398 | G14: FALSE
A15: 219298247 | B15: =_xlfn.XLOOKUP(A15,[1]links!$B:$B,[1]links!$A:$A) | C15: AVENIDA IMBIARA 754, 754, JOAO RIBEIRO | D15: ESQUINA - REVISAO | F15: https://www.google.com/maps/@?api=1&map_action=pano&viewpoint=-19.6003193604,-46.9404218493 | G15: FALSE
A16: 219298278 | B16: =_xlfn.XLOOKUP(A16,[1]links!$B:$B,[1]links!$A:$A) | C16: AVENIDA PREFEITO ARACELY DE PAULA 1514, 1514, CENTRO | D16: BAIXA CONFIANCA - REVISAO | F16: https://www.google.com/maps/@?api=1&map_action=pano&viewpoint=-19.5982713064,-46.9418651389 | G16: FALSE
A17: 219298283 | B17: =_xlfn.XLOOKUP(A17,[1]links!$B:$B,[1]links!$A:$A) | C17: RUA HEITOR MONTANDON 113, 113, CENTRO | D17: ESQUINA - REVISAO | F17: https://www.google.com/maps/@?api=1&map_action=pano&viewpoint=-19.5973238041,-46.9417775125 | G17: FALSE
A18: 219298314 | B18: =_xlfn.XLOOKUP(A18,[1]links!$B:$B,[1]links!$A:$A) | C18: RUA ANTONIO ALVES DA COSTA 65, 65, SAO PEDRO | D18: POSTE UTILIZADO - REVISAO | E18: https://www.google.com/maps/@-19.58464,-46.941685,3a,90y,25.2h,121.71t/data=!3m7!1e1!3m5!1s4C2AkXGEw4tlbx4LO5i_Xg!2e0!6shttps:%2F%2Fstreetviewpixels-pa.googleapis.com%2Fv1%2Fthumbnail%3Fcb_client%3Dmaps_sv.tactile%26w%3D900%26h%3D600%26pitch%3D-31.714880004781662%26panoid%3D4C2AkXGEw4tlbx4LO5i_Xg%26yaw%3D25.199742245425014!7i16384!8i8192?entry=ttu&g_ep=EgoyMDI2MDgxOS4wIKXMDSoASAFQAw%3D%3D | F18: https://www.google.com/maps/@?api=1&map_action=pano&viewpoint=-19.5846055755,-46.9417488295 | G18: FALSE | H18: =_xlfn.NUMBERVALUE(A18) | I18: =_xlfn.XLOOKUP(H18,Sheet1!A:A,Sheet1!B:B)
A19: 219298767 | B19: =_xlfn.XLOOKUP(A19,[1]links!$B:$B,[1]links!$A:$A) | C19: RUA JOSE CARLOS PEDRO GRANDE 1195, 1195, ADHEMAR RODRIGUES VALLE | D19: POSTE UTILIZADO - REVISAO | E19: https://www.google.com/maps/@-19.6144908,-46.9251863,3a,48.9y,359.13h,109.25t/data=!3m7!1e1!3m5!1s5B1vAq3ChEm5n-4T_NLXkg!2e0!6shttps:%2F%2Fstreetviewpixels-pa.clients6.google.com%2Fv1%2Fthumbnail%3Fcb_client%3Dmaps_sv.tactile%26w%3D900%26h%3D600%26pitch%3D-19.25125269409142%26panoid%3D5B1vAq3ChEm5n-4T_NLXkg%26yaw%3D359.1259169366337!7i16384!8i8192?entry=ttu&g_ep=EgoyMDI2MDgxOS4wIKXMDSoASAFQAw%3D%3D | F19: https://www.google.com/maps/@?api=1&map_action=pano&viewpoint=-19.6143936344,-46.925195675 | G19: FALSE | H19: =_xlfn.NUMBERVALUE(A19) | I19: =_xlfn.XLOOKUP(H19,Sheet1!A:A,Sheet1!B:B)
A20: 219298786 | B20: =_xlfn.XLOOKUP(A20,[1]links!$B:$B,[1]links!$A:$A) | C20: RUA GUIMARAES ROSA 105, 105, PRIMAVERAS | D20: POSTE UTILIZADO - REVISAO | E20: https://www.google.com/maps/@-19.615895,-46.9259955,3a,75y,19.48h,120.47t/data=!3m7!1e1!3m5!1sxd0pnLIC6Q-VTGUxIyijTQ!2e0!6shttps:%2F%2Fstreetviewpixels-pa.clients6.google.com%2Fv1%2Fthumbnail%3Fcb_client%3Dmaps_sv.tactile%26w%3D900%26h%3D600%26pitch%3D-30.47128022330449%26panoid%3Dxd0pnLIC6Q-VTGUxIyijTQ%26yaw%3D19.475669072115974!7i16384!8i8192?entry=ttu&g_ep=EgoyMDI2MDgxOS4wIKXMDSoASAFQAw%3D%3D | F20: https://www.google.com/maps/@?api=1&map_action=pano&viewpoint=-19.6158757818,-46.9259759044 | G20: FALSE | H20: =_xlfn.NUMBERVALUE(A20) | I20: =_xlfn.XLOOKUP(H20,Sheet1!A:A,Sheet1!B:B)
A21: 219298788 | B21: =_xlfn.XLOOKUP(A21,[1]links!$B:$B,[1]links!$A:$A) | C21: RUA AFONSO PENA 40, 40, PRIMAVERAS | D21: POSTE UTILIZADO - REVISAO | E21: https://www.google.com/maps/@-19.6161963,-46.925153,3a,46.9y,120.37h,119.11t/data=!3m7!1e1!3m5!1sRJbLeFTXDWMG7IgYLdQWkw!2e0!6shttps:%2F%2Fstreetviewpixels-pa.clients6.google.com%2Fv1%2Fthumbnail%3Fcb_client%3Dmaps_sv.tactile%26w%3D900%26h%3D600%26pitch%3D-29.108450476188423%26panoid%3DRJbLeFTXDWMG7IgYLdQWkw%26yaw%3D120.37277416999979!7i16384!8i8192?entry=ttu&g_ep=EgoyMDI2MDgxOS4wIKXMDSoASAFQAw%3D%3D | F21: https://www.google.com/maps/@?api=1&map_action=pano&viewpoint=-19.6162280814,-46.9251316784 | G21: FALSE | H21: =_xlfn.NUMBERVALUE(A21) | I21: =_xlfn.XLOOKUP(H21,Sheet1!A:A,Sheet1!B:B)
A22: 219298798 | B22: =_xlfn.XLOOKUP(A22,[1]links!$B:$B,[1]links!$A:$A) | C22: RUA JOSE CARLOS PEDRO GRANDE 1265, 1265, ADHEMAR RODRIGUES VALLE | D22: POSTE UTILIZADO - REVISAO | E22: https://www.google.com/maps/@-19.6149482,-46.9250697,3a,75y,103.03h,117.64t/data=!3m7!1e1!3m5!1sdnt_ZTrbW3gq0tZc7enuMg!2e0!6shttps:%2F%2Fstreetviewpixels-pa.clients6.google.com%2Fv1%2Fthumbnail%3Fcb_client%3Dmaps_sv.tactile%26w%3D900%26h%3D600%26pitch%3D-27.640093323522493%26panoid%3Ddnt_ZTrbW3gq0tZc7enuMg%26yaw%3D103.03250289548745!7i16384!8i8192?entry=ttu&g_ep=EgoyMDI2MDgxOS4wIKXMDSoASAFQAw%3D%3D | F22: https://www.google.com/maps/@?api=1&map_action=pano&viewpoint=-19.614946355,-46.9250402101 | G22: FALSE | H22: =_xlfn.NUMBERVALUE(A22) | I22: =_xlfn.XLOOKUP(H22,Sheet1!A:A,Sheet1!B:B)
A23: 219384929 | B23: =_xlfn.XLOOKUP(A23,[1]links!$B:$B,[1]links!$A:$A) | C23: AVENIDA GETULIO VARGAS 336, 336, CENTRO | D23: POSTE UTILIZADO - REVISAO | E23: https://www.google.com/maps/@-19.5955996,-46.9380826,3a,41.2y,301.39h,100.37t/data=!3m7!1e1!3m5!1s9xwhCkqXMCt6Uja2PNBsYw!2e0!6shttps:%2F%2Fstreetviewpixels-pa.clients6.google.com%2Fv1%2Fthumbnail%3Fcb_client%3Dmaps_sv.tactile%26w%3D900%26h%3D600%26pitch%3D-10.370894170244398%26panoid%3D9xwhCkqXMCt6Uja2PNBsYw%26yaw%3D301.39068199510353!7i16384!8i8192?entry=ttu | F23: https://www.google.com/maps/@?api=1&map_action=pano&viewpoint=-19.5955824827,-46.9382299559 | G23: FALSE | H23: =_xlfn.NUMBERVALUE(A23) | I23: =_xlfn.XLOOKUP(H23,Sheet1!A:A,Sheet1!B:B)
A24: 219384968 | B24: =_xlfn.XLOOKUP(A24,[1]links!$B:$B,[1]links!$A:$A) | C24: RUA FRANCISCO PORFIRIO 2, 2, CENTRO | D24: ESQUINA - REVISAO | E24: https://www.google.com/maps/@-19.5861668,-46.9354116,3a,48.9y,70.42h,114.78t/data=!3m7!1e1!3m5!1sflZLjn_1ddl-6PsBSbThnQ!2e0!6shttps:%2F%2Fstreetviewpixels-pa.googleapis.com%2Fv1%2Fthumbnail%3Fcb_client%3Dmaps_sv.tactile%26w%3D900%26h%3D600%26pitch%3D-24.782833498956876%26panoid%3DflZLjn_1ddl-6PsBSbThnQ%26yaw%3D70.42051318060854!7i16384!8i8192?entry=ttu&g_ep=EgoyMDI2MDgxOS4wIKXMDSoASAFQAw%3D%3D | F24: https://www.google.com/maps/@?api=1&map_action=pano&viewpoint=-19.5861464766,-46.9353816591 | G24: FALSE | H24: =_xlfn.NUMBERVALUE(A24) | I24: =_xlfn.XLOOKUP(H24,Sheet1!A:A,Sheet1!B:B)
A25: 219384971 | B25: =_xlfn.XLOOKUP(A25,[1]links!$B:$B,[1]links!$A:$A) | C25: RUA TIA NICA 327, 327, RICA | D25: POSTE UTILIZADO - REVISAO | E25: https://www.google.com/maps/@-19.5854858,-46.9369094,3a,46.9y,17.06h,110.23t/data=!3m7!1e1!3m5!1sajjlgtmQKWwB0mEIaQObGA!2e0!6shttps:%2F%2Fstreetviewpixels-pa.googleapis.com%2Fv1%2Fthumbnail%3Fcb_client%3Dmaps_sv.tactile%26w%3D900%26h%3D600%26pitch%3D-20.227120820408686%26panoid%3DajjlgtmQKWwB0mEIaQObGA%26yaw%3D17.05920716028874!7i16384!8i8192?entry=ttu&g_ep=EgoyMDI2MDgxOS4wIKXMDSoASAFQAw%3D%3D | F25: https://www.google.com/maps/@?api=1&map_action=pano&viewpoint=-19.5854435089,-46.9369077016 | G25: FALSE | H25: =_xlfn.NUMBERVALUE(A25) | I25: =_xlfn.XLOOKUP(H25,Sheet1!A:A,Sheet1!B:B)
A26: 219385014 | B26: =_xlfn.XLOOKUP(A26,[1]links!$B:$B,[1]links!$A:$A) | C26: RUA ANTONIO ALVES DA COSTA 201, 201, RICA | D26: POSTE UTILIZADO - REVISAO | E26: https://www.google.com/maps/@-19.5852886,-46.9375621,3a,39.4y,284.8h,105.61t/data=!3m7!1e1!3m5!1sUthlppVTp1qITTgStoHDFA!2e0!6shttps:%2F%2Fstreetviewpixels-pa.googleapis.com%2Fv1%2Fthumbnail%3Fcb_client%3Dmaps_sv.tactile%26w%3D900%26h%3D600%26pitch%3D-15.610240223663695%26panoid%3DUthlppVTp1qITTgStoHDFA%26yaw%3D284.79934053384784!7i16384!8i8192?entry=ttu&g_ep=EgoyMDI2MDgxOS4wIKXMDSoASAFQAw%3D%3D | F26: https://www.google.com/maps/@?api=1&map_action=pano&viewpoint=-19.5852816112,-46.9376873419 | G26: FALSE | H26: =_xlfn.NUMBERVALUE(A26) | I26: =_xlfn.XLOOKUP(H26,Sheet1!A:A,Sheet1!B:B)
A27: 219385242 | B27: =_xlfn.XLOOKUP(A27,[1]links!$B:$B,[1]links!$A:$A) | C27: RUA SALOMAO PEREIRA DE MESQUITA 179, 179, CENTRO | D27: POSTE UTILIZADO - REVISAO | E27: https://www.google.com/maps/@-19.5868647,-46.9352957,3a,37.6y,126.25h,107.49t/data=!3m7!1e1!3m5!1sIzKvPw7zg45LW7MsHWIRiQ!2e0!6shttps:%2F%2Fstreetviewpixels-pa.googleapis.com%2Fv1%2Fthumbnail%3Fcb_client%3Dmaps_sv.tactile%26w%3D900%26h%3D600%26pitch%3D-17.485805539088418%26panoid%3DIzKvPw7zg45LW7MsHWIRiQ%26yaw%3D126.25343324785146!7i16384!8i8192?entry=ttu&g_ep=EgoyMDI2MDgxOS4wIKXMDSoASAFQAw%3D%3D | F27: https://www.google.com/maps/@?api=1&map_action=pano&viewpoint=-19.5869062985,-46.9352858813 | G27: FALSE | H27: =_xlfn.NUMBERVALUE(A27) | I27: =_xlfn.XLOOKUP(H27,Sheet1!A:A,Sheet1!B:B)
A28: 219385251 | B28: =_xlfn.XLOOKUP(A28,[1]links!$B:$B,[1]links!$A:$A) | C28: RUA ANTONIO LACERDA 74, 74, CENTRO | D28: POSTE UTILIZADO - REVISAO | E28: https://www.google.com/maps/@-19.5867291,-46.9346974,3a,75y,359.79h,108.91t/data=!3m7!1e1!3m5!1s2G_e4-QUx19PKg51EmPCVQ!2e0!6shttps:%2F%2Fstreetviewpixels-pa.googleapis.com%2Fv1%2Fthumbnail%3Fcb_client%3Dmaps_sv.tactile%26w%3D900%26h%3D600%26pitch%3D-18.909215927281252%26panoid%3D2G_e4-QUx19PKg51EmPCVQ%26yaw%3D359.78562035818476!7i16384!8i8192?entry=ttu&g_ep=EgoyMDI2MDgxOS4wIKXMDSoASAFQAw%3D%3D | F28: https://www.google.com/maps/@?api=1&map_action=pano&viewpoint=-19.5866682452,-46.9347398247 | G28: FALSE | H28: =_xlfn.NUMBERVALUE(A28) | I28: =_xlfn.XLOOKUP(H28,Sheet1!A:A,Sheet1!B:B)
A29: 219386635 | B29: =_xlfn.XLOOKUP(A29,[1]links!$B:$B,[1]links!$A:$A) | C29: AVENIDA JOAO PAULO II 0, 0, SAO PEDRO | D29: POSTE UTILIZADO - REVISAO | E29: https://www.google.com/maps/@-19.583433,-46.943135,3a,48.9y,61.52h,109.98t/data=!3m7!1e1!3m5!1sDoJ0z_e3JnOtcDM8wmRgXQ!2e0!6shttps:%2F%2Fstreetviewpixels-pa.googleapis.com%2Fv1%2Fthumbnail%3Fcb_client%3Dmaps_sv.tactile%26w%3D900%26h%3D600%26pitch%3D-19.983115485543564%26panoid%3DDoJ0z_e3JnOtcDM8wmRgXQ%26yaw%3D61.520243494085356!7i16384!8i8192?entry=ttu&g_ep=EgoyMDI2MDgxOS4wIKXMDSoASAFQAw%3D%3D | F29: https://www.google.com/maps/@?api=1&map_action=pano&viewpoint=-19.583380751,-46.9430875064 | G29: FALSE | H29: =_xlfn.NUMBERVALUE(A29) | I29: =_xlfn.XLOOKUP(H29,Sheet1!A:A,Sheet1!B:B)
... A53: 219992818 | B53: =_xlfn.XLOOKUP(A53,[1]links!$B:$B,[1]links!$A:$A) | C53: RUA SALOMAO PEREIRA DE MESQUITA 93, 93, CENTRO | D53: POSTE UTILIZADO - OK | E53: https://www.google.com/maps/@-19.5876763,-46.9346634,3a,75y,96.91h,128.07t/data=!3m7!1e1!3m5!1sGuo2tlt4blXpeRarqmpdzg!2e0!6shttps:%2F%2Fstreetviewpixels-pa.googleapis.com%2Fv1%2Fthumbnail%3Fcb_client%3Dmaps_sv.tactile%26w%3D900%26h%3D600%26pitch%3D-38.06733212300182%26panoid%3DGuo2tlt4blXpeRarqmpdzg%26yaw%3D96.90968014838509!7i16384!8i8192?entry=ttu&g_ep=EgoyMDI2MDgxOS4wIKXMDSoASAFQAw%3D%3D | F53: https://www.google.com/maps/@?api=1&map_action=pano&viewpoint=-19.5876714804,-46.9346851063 | G53: FALSE | H53: =_xlfn.NUMBERVALUE(A53) | I53: =_xlfn.XLOOKUP(H53,Sheet1!A:A,Sheet1!B:B)
A54: 219993025 | B54: =_xlfn.XLOOKUP(A55,[1]links!$B:$B,[1]links!$A:$A) | C54: RUA ANTONIO ALVES DA COSTA 161, 161, SAO PEDRO | D54: POSTE UTILIZADO - REVISAO | E54: https://www.google.com/maps/@-19.5847945,-46.9382762,3a,44.9y,145.39h,117.42t/data=!3m7!1e1!3m5!1syscUs8mcvfnEvfQke1l7Sg!2e0!6shttps:%2F%2Fstreetviewpixels-pa.googleapis.com%2Fv1%2Fthumbnail%3Fcb_client%3Dmaps_sv.tactile%26w%3D900%26h%3D600%26pitch%3D-27.419908741191918%26panoid%3DyscUs8mcvfnEvfQke1l7Sg%26yaw%3D145.39159609328667!7i16384!8i8192?entry=ttu&g_ep=EgoyMDI2MDgxOS4wIKXMDSoASAFQAw%3D%3D | F54: https://www.google.com/maps/@?api=1&map_action=pano&viewpoint=-19.5848415135,-46.9382920388 | G54: FALSE | H54: =_xlfn.NUMBERVALUE(A55) | I54: =_xlfn.XLOOKUP(H55,Sheet1!A:A,Sheet1!B:B)
A55: 219993026 | B55: =_xlfn.XLOOKUP(A56,[1]links!$B:$B,[1]links!$A:$A) | C55: RUA CLARIMUNDO BATISTA DA COSTA 74, 74, SAO PEDRO | D55: POSTE UTILIZADO - REVISAO | E55: https://www.google.com/maps/@-19.5846281,-46.937535,3a,48.9y,344.96h,111.25t/data=!3m7!1e1!3m5!1saT6dgtg3EUIKBW_ggE_zOw!2e0!6shttps:%2F%2Fstreetviewpixels-pa.googleapis.com%2Fv1%2Fthumbnail%3Fcb_client%3Dmaps_sv.tactile%26w%3D900%26h%3D600%26pitch%3D-21.246557159906004%26panoid%3DaT6dgtg3EUIKBW_ggE_zOw%26yaw%3D344.963899250288!7i16384!8i8192?entry=ttu&g_ep=EgoyMDI2MDgxOS4wIKXMDSoASAFQAw%3D%3D | F55: https://www.google.com/maps/@?api=1&map_action=pano&viewpoint=-19.5845960661,-46.9375933466 | G55: FALSE | H55: =_xlfn.NUMBERVALUE(A56) | I55: =_xlfn.XLOOKUP(H56,Sheet1!A:A,Sheet1!B:B)
A56: 220081179 | B56: =_xlfn.XLOOKUP(A57,[1]links!$B:$B,[1]links!$A:$A) | C56: RUA EDSON APARECIDO DE SOUZA 105, 105, PRIMAVERAS | D56: POSTE UTILIZADO - REVISAO | E56: https://www.google.com/maps/@-19.6171497,-46.9297902,3a,75y,13.05h,125.85t/data=!3m7!1e1!3m5!1siEBlSZjng0NsRJ5xrXeIJQ!2e0!6shttps:%2F%2Fstreetviewpixels-pa.clients6.google.com%2Fv1%2Fthumbnail%3Fcb_client%3Dmaps_sv.tactile%26w%3D900%26h%3D600%26pitch%3D-35.84787951718599%26panoid%3DiEBlSZjng0NsRJ5xrXeIJQ%26yaw%3D13.053494475463442!7i16384!8i8192?entry=ttu&g_ep=EgoyMDI2MDgxOS4wIKXMDSoASAFQAw%3D%3D | F56: https://www.google.com/maps/@?api=1&map_action=pano&viewpoint=-19.6171361934,-46.9297468606 | G56: FALSE | H56: =_xlfn.NUMBERVALUE(A57) | I56: =_xlfn.XLOOKUP(H57,Sheet1!A:A,Sheet1!B:B)
A57: 220081181 | B57: =_xlfn.XLOOKUP(A58,[1]links!$B:$B,[1]links!$A:$A) | C57: RUA MARIA DE LOURDES DE JESUS 125, 125, PRIMAVERAS | D57: POSTE UTILIZADO - REVISAO | E57: https://www.google.com/maps/@-19.6168501,-46.9264632,3a,90y,359.15h,109.51t/data=!3m7!1e1!3m5!1sjN75oI15nVUC6SU5wOE19w!2e0!6shttps:%2F%2Fstreetviewpixels-pa.clients6.google.com%2Fv1%2Fthumbnail%3Fcb_client%3Dmaps_sv.tactile%26w%3D900%26h%3D600%26pitch%3D-19.51393587423064%26panoid%3DjN75oI15nVUC6SU5wOE19w%26yaw%3D359.15178274749564!7i16384!8i8192?entry=ttu&g_ep=EgoyMDI2MDgxOS4wIKXMDSoASAFQAw%3D%3D | F57: https://www.google.com/maps/@?api=1&map_action=pano&viewpoint=-19.6167919041,-46.9264634403 | G57: FALSE | H57: =_xlfn.NUMBERVALUE(A58) | I57: =_xlfn.XLOOKUP(H58,Sheet1!A:A,Sheet1!B:B)
A58: 220081185 | B58: =_xlfn.XLOOKUP(A59,[1]links!$B:$B,[1]links!$A:$A) | C58: RUA VEREADOR JOSE ROSINHA 210, 210, PRIMAVERAS | D58: POSTE UTILIZADO - REVISAO | E58: https://www.google.com/maps/@-19.6165752,-46.9285848,3a,75y,3.31h,121.54t/data=!3m7!1e1!3m5!1s8wN9KjA3eRdW29fyNCJCOg!2e0!6shttps:%2F%2Fstreetviewpixels-pa.clients6.google.com%2Fv1%2Fthumbnail%3Fcb_client%3Dmaps_sv.tactile%26w%3D900%26h%3D600%26pitch%3D-31.53889944565141%26panoid%3D8wN9KjA3eRdW29fyNCJCOg%26yaw%3D3.3149581532608186!7i16384!8i8192?entry=ttu&g_ep=EgoyMDI2MDgxOS4wIKXMDSoASAFQAw%3D%3D | F58: https://www.google.com/maps/@?api=1&map_action=pano&viewpoint=-19.616561648,-46.9285674519 | G58: FALSE | H58: =_xlfn.NUMBERVALUE(A59) | I58: =_xlfn.XLOOKUP(H59,Sheet1!A:A,Sheet1!B:B)
A59: 220247378 | B59: =_xlfn.XLOOKUP(A60,[1]links!$B:$B,[1]links!$A:$A) | C59: RUA FRANCISCO PORFIRIO 346, 346, SAO PEDRO | D59: POSTE UTILIZADO - REVISAO | E59: https://www.google.com/maps/@-19.5838499,-46.9381458,3a,51y,42.71h,108.99t/data=!3m8!1e1!3m6!1sQbK4P991CktxHToUz5BZiQ!2e0!5s20110801T000000!6shttps:%2F%2Fstreetviewpixels-pa.googleapis.com%2Fv1%2Fthumbnail%3Fcb_client%3Dmaps_sv.tactile%26w%3D900%26h%3D600%26pitch%3D-18.986675086723025%26panoid%3DQbK4P991CktxHToUz5BZiQ%26yaw%3D42.705058973114404!7i13312!8i6656?entry=ttu&g_ep=EgoyMDI2MDgxOS4wIKXMDSoASAFQAw%3D%3D | F59: https://www.google.com/maps/@?api=1&map_action=pano&viewpoint=-19.5837684074,-46.9381266544 | G59: FALSE | H59: =_xlfn.NUMBERVALUE(A60) | I59: =_xlfn.XLOOKUP(H60,Sheet1!A:A,Sheet1!B:B)
A60: 220247379 | B60: =_xlfn.XLOOKUP(A61,[1]links!$B:$B,[1]links!$A:$A) | C60: AVENIDA DAMASO DRUMMOND 2615, 2615, SAO PEDRO | D60: POSTE UTILIZADO - REVISAO | E60: https://www.google.com/maps/@-19.5824416,-46.9416179,3a,48.9y,69.54h,107.46t/data=!3m8!1e1!3m6!1sfohNC-14VbaRmf7d_OoYng!2e0!5s20210901T000000!6shttps:%2F%2Fstreetviewpixels-pa.googleapis.com%2Fv1%2Fthumbnail%3Fcb_client%3Dmaps_sv.tactile%26w%3D900%26h%3D600%26pitch%3D-17.464480419366126%26panoid%3DfohNC-14VbaRmf7d_OoYng%26yaw%3D69.54340259051868!7i16384!8i8192?entry=ttu&g_ep=EgoyMDI2MDgxOS4wIKXMDSoASAFQAw%3D%3D | F60: https://www.google.com/maps/@?api=1&map_action=pano&viewpoint=-19.5824052726,-46.9413984384 | G60: FALSE | H60: =_xlfn.NUMBERVALUE(A61) | I60: =_xlfn.XLOOKUP(H61,Sheet1!A:A,Sheet1!B:B)
A61: 220247385 | B61: =_xlfn.XLOOKUP(A62,[1]links!$B:$B,[1]links!$A:$A) | C61: AVENIDA DAMASO DRUMMOND 1385, 1385, CENTRO | D61: POSTE UTILIZADO - REVISAO | E61: https://www.google.com/maps/@-19.5870978,-46.9337663,3a,75y,303.27h,130.02t/data=!3m7!1e1!3m5!1sVk5FRYE2ufDCIVtTzI3TOA!2e0!6shttps:%2F%2Fstreetviewpixels-pa.googleapis.com%2Fv1%2Fthumbnail%3Fcb_client%3Dmaps_sv.tactile%26w%3D900%26h%3D600%26pitch%3D-40.01700076162919%26panoid%3DVk5FRYE2ufDCIVtTzI3TOA%26yaw%3D303.27431080876124!7i16384!8i8192?entry=ttu&g_ep=EgoyMDI2MDgxOS4wIKXMDSoASAFQAw%3D%3D | F61: https://www.google.com/maps/@?api=1&map_action=pano&viewpoint=-19.5870755491,-46.9338201932 | G61: TRUE | H61: =_xlfn.NUMBERVALUE(A62) | I61: =_xlfn.XLOOKUP(H62,Sheet1!A:A,Sheet1!B:B)
A62: 220247386 | B62: =_xlfn.XLOOKUP(A63,[1]links!$B:$B,[1]links!$A:$A) | C62: AVENIDA DAMASO DRUMMOND 1395, 1395, CENTRO | D62: ESQUINA - REVISAO | E62: https://www.google.com/maps/@-19.5869158,-46.9337676,3a,39.4y,331.23h,108.71t/data=!3m7!1e1!3m5!1sb5qdNWb9Xba95aCaxis94A!2e0!6shttps:%2F%2Fstreetviewpixels-pa.googleapis.com%2Fv1%2Fthumbnail%3Fcb_client%3Dmaps_sv.tactile%26w%3D900%26h%3D600%26pitch%3D-18.708551664728702%26panoid%3Db5qdNWb9Xba95aCaxis94A%26yaw%3D331.23101974879216!7i16384!8i8192?entry=ttu&g_ep=EgoyMDI2MDgxOS4wIKXMDSoASAFQAw%3D%3D | F62: https://www.google.com/maps/@?api=1&map_action=pano&viewpoint=-19.5868405976,-46.9338269013 | G62: FALSE | H62: =_xlfn.NUMBERVALUE(A63) | I62: =_xlfn.XLOOKUP(H63,Sheet1!A:A,Sheet1!B:B)
A63: 220247480 | B63: =_xlfn.XLOOKUP(A64,[1]links!$B:$B,[1]links!$A:$A) | C63: AVENIDA JOAO PAULO II 0, 0, SAO PEDRO | D63: POSTE UTILIZADO - REVISAO | E63: https://www.google.com/maps/@-19.5830214,-46.9427703,3a,90y,92.32h,118.12t/data=!3m7!1e1!3m5!1sF1kx9bhfyCrt9Kk5ECxSXA!2e0!6shttps:%2F%2Fstreetviewpixels-pa.googleapis.com%2Fv1%2Fthumbnail%3Fcb_client%3Dmaps_sv.tactile%26w%3D900%26h%3D600%26pitch%3D-28.115626557753743%26panoid%3DF1kx9bhfyCrt9Kk5ECxSXA%26yaw%3D92.31502670330299!7i16384!8i8192?entry=ttu&g_ep=EgoyMDI2MDgxOS4wIKXMDSoASAFQAw%3D%3D | F63: https://www.google.com/maps/@?api=1&map_action=pano&viewpoint=-19.5829871429,-46.9427301005 | G63: FALSE | H63: =_xlfn.NUMBERVALUE(A64) | I63: =_xlfn.XLOOKUP(H64,Sheet1!A:A,Sheet1!B:B)
A64: 220639657 | B64: =_xlfn.XLOOKUP(A65,[1]links!$B:$B,[1]links!$A:$A) | C64: RUA EDSON APARECIDO DE SOUZA 140, 140, PRIMAVERAS | D64: POSTE UTILIZADO - REVISAO | E64: https://www.google.com/maps/@-19.6173898,-46.9293402,3a,75y,225.11h,108.96t/data=!3m7!1e1!3m5!1sD-wuQUyqx_1PRMmcgFm11Q!2e0!6shttps:%2F%2Fstreetviewpixels-pa.clients6.google.com%2Fv1%2Fthumbnail%3Fcb_client%3Dmaps_sv.tactile%26w%3D900%26h%3D600%26pitch%3D-18.958132366614365%26panoid%3DD-wuQUyqx_1PRMmcgFm11Q%26yaw%3D225.11029084836278!7i16384!8i8192?entry=ttu&g_ep=EgoyMDI2MDgxOS4wIKXMDSoASAFQAw%3D%3D | F64: https://www.google.com/maps/@?api=1&map_action=pano&viewpoint=-19.6174477968,-46.9293311283 | G64: FALSE | H64: =_xlfn.NUMBERVALUE(A65) | I64: =_xlfn.XLOOKUP(H65,Sheet1!A:A,Sheet1!B:B)
A65: 220780207 | B65: =_xlfn.XLOOKUP(A66,[1]links!$B:$B,[1]links!$A:$A) | C65: RUA AMERICO AUTRAN 165, 165, SAO PEDRO | D65: POSTE UTILIZADO - REVISAO | E65: https://www.google.com/maps/@-19.5851612,-46.940983,3a,75y,189.71h,123.65t/data=!3m7!1e1!3m5!1sAmiQq9P_-XD4NFmPyV_FOw!2e0!6shttps:%2F%2Fstreetviewpixels-pa.googleapis.com%2Fv1%2Fthumbnail%3Fcb_client%3Dmaps_sv.tactile%26w%3D900%26h%3D600%26pitch%3D-33.65094637523595%26panoid%3DAmiQq9P_-XD4NFmPyV_FOw%26yaw%3D189.70892930059318!7i16384!8i8192?entry=ttu&g_ep=EgoyMDI2MDgxOS4wIKXMDSoASAFQAw%3D%3D | F65: https://www.google.com/maps/@?api=1&map_action=pano&viewpoint=-19.5852186523,-46.941022332 | G65: FALSE | H65: =_xlfn.NUMBERVALUE(A66) | I65: =_xlfn.XLOOKUP(H66,Sheet1!A:A,Sheet1!B:B)
... A230: 2650511985 | B230: =_xlfn.XLOOKUP(A231,[1]links!$B:$B,[1]links!$A:$A) | C230: RUA MARIA DE LOURDES DE JESUS 80, 80, PRIMAVERAS | D230: POSTE UTILIZADO - REVISAO | E230: https://www.google.com/maps/@-19.6169551,-46.9271479,3a,75y,208.57h,109.34t/data=!3m7!1e1!3m5!1sb6rGHCI_J07Ty5-NeAE8IA!2e0!6shttps:%2F%2Fstreetviewpixels-pa.clients6.google.com%2Fv1%2Fthumbnail%3Fcb_client%3Dmaps_sv.tactile%26w%3D900%26h%3D600%26pitch%3D-19.335859986990812%26panoid%3Db6rGHCI_J07Ty5-NeAE8IA%26yaw%3D208.56570176964152!7i16384!8i8192?entry=ttu&g_ep=EgoyMDI2MDgxOS4wIKXMDSoASAFQAw%3D%3D | F230: https://www.google.com/maps/@?api=1&map_action=pano&viewpoint=-19.617019134,-46.9271811155 | G230: FALSE | H230: =_xlfn.NUMBERVALUE(A231) | I230: =_xlfn.XLOOKUP(H231,Sheet1!A:A,Sheet1!B:B)
A231: 350236509 | B231: =_xlfn.XLOOKUP(A232,[1]links!$B:$B,[1]links!$A:$A) | C231: RUA MARECHAL DEODORO 375, 375, CENTRO | D231: ESQUINA - REVISAO | E231: https://www.google.com/maps/@-19.6169551,-46.9271479,3a,75y,208.57h,109.34t/data=!3m7!1e1!3m5!1sb6rGHCI_J07Ty5-NeAE8IA!2e0!6shttps:%2F%2Fstreetviewpixels-pa.clients6.google.com%2Fv1%2Fthumbnail%3Fcb_client%3Dmaps_sv.tactile%26w%3D900%26h%3D600%26pitch%3D-19.335859986990812%26panoid%3Db6rGHCI_J07Ty5-NeAE8IA%26yaw%3D208.56570176964152!7i16384!8i8192?entry=ttu&g_ep=EgoyMDI2MDgxOS4wIKXMDSoASAFQAw%3D%3D | F231: https://www.google.com/maps/@?api=1&map_action=pano&viewpoint=-19.5914293047,-46.9468974707 | G231: FALSE
A232: 350236533 | B232: =_xlfn.XLOOKUP(A233,[1]links!$B:$B,[1]links!$A:$A) | C232: RUA PRESIDENTE OLEGARIO MACIEL 404, 404, CENTRO | D232: POSTE UTILIZADO - REVISAO | F232: https://www.google.com/maps/@?api=1&map_action=pano&viewpoint=-19.5937629888,-46.9369007975 | G232: FALSE
A233: 350236545 | B233: =_xlfn.XLOOKUP(A234,[1]links!$B:$B,[1]links!$A:$A) | C233: RUA LIMIRIO AFONSO 160, 160, CENTRO | D233: POSTE UTILIZADO - REVISAO | F233: https://www.google.com/maps/@?api=1&map_action=pano&viewpoint=-19.5908134193,-46.9356437414 | G233: FALSE
A234: 350236553 | B234: =_xlfn.XLOOKUP(A235,[1]links!$B:$B,[1]links!$A:$A) | C234: RUA RUA SELDA DE CASTRO ALVES 205, 205, FERTIZA | D234: POSTE UTILIZADO - REVISAO | F234: https://www.google.com/maps/@?api=1&map_action=pano&viewpoint=-19.6094274305,-46.942913841 | G234: FALSE
A235: 350236571 | B235: =_xlfn.XLOOKUP(A236,[1]links!$B:$B,[1]links!$A:$A) | C235: RUA TENENTE WANDERLEY MONTANDOM 120, 120, JOSE FERREIRA GUIMARAES | D235: POSTE UTILIZADO - REVISAO | F235: https://www.google.com/maps/@?api=1&map_action=pano&viewpoint=-19.6027567569,-46.9203456429 | G235: FALSE
A236: 350236584 | B236: =_xlfn.XLOOKUP(A237,[1]links!$B:$B,[1]links!$A:$A) | C236: RUA JOAQUIM ANTONIO DUTRA 30, 30, CENTRO | D236: POSTE UTILIZADO - REVISAO | F236: https://www.google.com/maps/@?api=1&map_action=pano&viewpoint=-19.5864477594,-46.9433054373 | G236: FALSE
A237: 350236588 | B237: =_xlfn.XLOOKUP(A238,[1]links!$B:$B,[1]links!$A:$A) | C237: RUA RUA SELDA DE CASTRO ALVES 336, 336, FERTIZA | D237: BAIXA CONFIANCA - REVISAO | F237: https://www.google.com/maps/@?api=1&map_action=pano&viewpoint=-19.6096607632,-46.943870359 | G237: FALSE
A238: 350236589 | B238: =_xlfn.XLOOKUP(A239,[1]links!$B:$B,[1]links!$A:$A) | C238: RUA AMARO PEREIRA GOMES 120, 120, ESTANCIA | D238: ESQUINA - REVISAO | F238: https://www.google.com/maps/@?api=1&map_action=pano&viewpoint=-19.6120569142,-46.9251770078 | G238: FALSE
A239: 350236605 | B239: =_xlfn.XLOOKUP(A240,[1]links!$B:$B,[1]links!$A:$A) | C239: RUA ODILON DE BRITO 110, 110, JOSE FERREIRA GUIMARAES | D239: BAIXA CONFIANCA - REVISAO | F239: https://www.google.com/maps/@?api=1&map_action=pano&viewpoint=-19.6023038988,-46.9207054284 | G239: FALSE
A240: 350236609 | B240: =_xlfn.XLOOKUP(A241,[1]links!$B:$B,[1]links!$A:$A) | C240: RUA TEOFILO DOS SANTOS 268, 268, RICA | D240: ESQUINA - REVISAO | F240: https://www.google.com/maps/@?api=1&map_action=pano&viewpoint=-19.5855253769,-46.9383289057 | G240: FALSE
A241: 350236610 | B241: =_xlfn.XLOOKUP(A242,[1]links!$B:$B,[1]links!$A:$A) | C241: RUA MARIANO DE AVILA 229, 229, CENTRO | D241: ESQUINA - REVISAO | F241: https://www.google.com/maps/@?api=1&map_action=pano&viewpoint=-19.5931405959,-46.9383818487 | G241: FALSE
A242: 350236615 | B242: =_xlfn.XLOOKUP(A243,[1]links!$B:$B,[1]links!$A:$A) | C242: RUA CONEGO CASSIANO 267, 267, CENTRO | D242: POSTE UTILIZADO - REVISAO | F242: https://www.google.com/maps/@?api=1&map_action=pano&viewpoint=-19.590917202,-46.9366398808 | G242: FALSE
A243: 350236635 | B243: =_xlfn.XLOOKUP(A244,[1]links!$B:$B,[1]links!$A:$A) | C243: RUA JOSE JUSTINO CORNELIO 268, 268, ESTANCIA | D243: BAIXA CONFIANCA - REVISAO | F243: https://www.google.com/maps/@?api=1&map_action=pano&viewpoint=-19.6099672144,-46.9271632811 | G243: FALSE
... A251: 350236675 | B251: =_xlfn.XLOOKUP(A252,[1]links!$B:$B,[1]links!$A:$A) | C251: AVENIDA IMBIARA 651, 651, CENTRO | D251: POSTE UTILIZADO - REVISAO | F251: https://www.google.com/maps/@?api=1&map_action=pano&viewpoint=-19.5993863092,-46.9402360826 | G251: FALSE
A252: 350236676 | B252: =_xlfn.XLOOKUP(A253,[1]links!$B:$B,[1]links!$A:$A) | C252: RUA CLARIMUNDO BATISTA DA COSTA 125, 125, RICA | D252: ESQUINA - OK | E252: https://www.google.com/maps/@-19.585052,-46.9379064,3a,75y,194.96h,131.46t/data=!3m7!1e1!3m5!1sWiFUX2MkxAr29lSron4yyg!2e0!6shttps:%2F%2Fstreetviewpixels-pa.googleapis.com%2Fv1%2Fthumbnail%3Fcb_client%3Dmaps_sv.tactile%26w%3D900%26h%3D600%26pitch%3D-41.46435957903506%26panoid%3DWiFUX2MkxAr29lSron4yyg%26yaw%3D194.95709201717372!7i16384!8i8192?entry=ttu&g_ep=EgoyMDI2MDgxOS4wIKXMDSoASAFQAw%3D%3D | F252: https://www.google.com/maps/@?api=1&map_action=pano&viewpoint=-19.5850593158,-46.9379706913 | G252: FALSE | H252: =_xlfn.NUMBERVALUE(A253) | I252: =_xlfn.XLOOKUP(H253,Sheet1!A:A,Sheet1!B:B)
A253: 350236687 | B253: =_xlfn.XLOOKUP(A254,[1]links!$B:$B,[1]links!$A:$A) | C253: AVENIDA GETULIO VARGAS 1021, 1021, CENTRO | D253: BAIXA CONFIANCA - REVISAO | E253: https://www.google.com/maps/@-19.585052,-46.9379064,3a,75y,194.96h,131.46t/data=!3m7!1e1!3m5!1sWiFUX2MkxAr29lSron4yyg!2e0!6shttps:%2F%2Fstreetviewpixels-pa.googleapis.com%2Fv1%2Fthumbnail%3Fcb_client%3Dmaps_sv.tactile%26w%3D900%26h%3D600%26pitch%3D-41.46435957903506%26panoid%3DWiFUX2MkxAr29lSron4yyg%26yaw%3D194.95709201717372!7i16384!8i8192?entry=ttu&g_ep=EgoyMDI2MDgxOS4wIKXMDSoASAFQAw%3D%3D | F253: https://www.google.com/maps/@?api=1&map_action=pano&viewpoint=-19.5992000929,-46.9336209799 | G253: FALSE
A254: 350236688 | B254: =_xlfn.XLOOKUP(A255,[1]links!$B:$B,[1]links!$A:$A) | C254: RUA PRESIDENTE OLEGARIO MACIEL 1290, 1290, SAO VICENTE | D254: POSTE UTILIZADO - REVISAO | F254: https://www.google.com/maps/@?api=1&map_action=pano&viewpoint=-19.6002988927,-46.932463878 | G254: FALSE
A255: 350236699 | B255: =_xlfn.XLOOKUP(A256,[1]links!$B:$B,[1]links!$A:$A) | C255: AVENIDA IMBIARA 387, 387, CENTRO | D255: POSTE UTILIZADO - REVISAO | F255: https://www.google.com/maps/@?api=1&map_action=pano&viewpoint=-19.5972155482,-46.9404489773 | G255: FALSE
A256: 350236700 | B256: =_xlfn.XLOOKUP(A257,[1]links!$B:$B,[1]links!$A:$A) | C256: RUA TENENTE WANDERLEY MONTANDOM 10, 10, JOSE FERREIRA GUIMARAES | D256: POSTE UTILIZADO - REVISAO | F256: https://www.google.com/maps/@?api=1&map_action=pano&viewpoint=-19.6035527702,-46.9214353793 | G256: FALSE
A257: 350236704 | B257: =_xlfn.XLOOKUP(A258,[1]links!$B:$B,[1]links!$A:$A) | C257: RUA RIO BRANCO 940, 940, SAO CRISTOVAO | D257: ESQUINA - REVISAO | F257: https://www.google.com/maps/@?api=1&map_action=pano&viewpoint=-19.5979889022,-46.9427047873 | G257: FALSE
A258: 350236705 | B258: =_xlfn.XLOOKUP(A259,[1]links!$B:$B,[1]links!$A:$A) | C258: RUA DORVALINO PEREIRA BORGES 222, 222, DOUTOR PEDRO PEZZUTI | D258: ESQUINA - REVISAO | F258: https://www.google.com/maps/@?api=1&map_action=pano&viewpoint=-19.5989603687,-46.9311847597 | G258: FALSE
A259: 350236708 | B259: =_xlfn.XLOOKUP(A260,[1]links!$B:$B,[1]links!$A:$A) | C259: RUA JOSE SORAGGI 165, 165, VEREDAS DA CIDADE | D259: POSTE UTILIZADO - REVISAO | F259: https://www.google.com/maps/@?api=1&map_action=pano&viewpoint=-19.6053249365,-46.9183935907 | G259: FALSE
A260: 350236709 | B260: =_xlfn.XLOOKUP(A261,[1]links!$B:$B,[1]links!$A:$A) | C260: RUA CLARA MARIA DE JESUS 175, 175, VEREDAS DA CIDADE | D260: POSTE UTILIZADO - REVISAO | F260: https://www.google.com/maps/@?api=1&map_action=pano&viewpoint=-19.605862437,-46.9179797137 | G260: FALSE
A261: 350236720 | B261: =_xlfn.XLOOKUP(A262,[1]links!$B:$B,[1]links!$A:$A) | C261: RUA DOUTOR EDMAR CUNHA 407, 407, SANTA TEREZINHA | D261: ESQUINA - REVISAO | F261: https://www.google.com/maps/@?api=1&map_action=pano&viewpoint=-19.606925522,-46.9346775547 | G261: FALSE
A262: 350236743 | B262: =_xlfn.XLOOKUP(A263,[1]links!$B:$B,[1]links!$A:$A) | C262: RUA DONA ADELIA LELIS 230, 230, FERTIZA | D262: BAIXA CONFIANCA - REVISAO | F262: https://www.google.com/maps/@?api=1&map_action=pano&viewpoint=-19.6079221975,-46.9442873009 | G262: FALSE
A263: 350237766 | B263: =_xlfn.XLOOKUP(A264,[1]links!$B:$B,[1]links!$A:$A) | C263: RUA EUSTOGIO PINHEIRO 139, 139, ESTANCIA | D263: POSTE UTILIZADO - REVISAO | F263: https://www.google.com/maps/@?api=1&map_action=pano&viewpoint=-19.6074566967,-46.9263596532 | G263: FALSE
A264: 680339549 | B264: =_xlfn.XLOOKUP(A265,[1]links!$B:$B,[1]links!$A:$A) | C264: RUA GASTAO SANTOS 235, 235, FERTIZA | D264: POSTE UTILIZADO - REVISAO | F264: https://www.google.com/maps/@?api=1&map_action=pano&viewpoint=-19.6124856363,-46.9449104825 | G264: FALSE
A265: 922742634 | B265: =_xlfn.XLOOKUP(A266,[1]links!$B:$B,[1]links!$A:$A) | C265: RUA LAURINDO BALEEIRO 423, 423, CENTRO | D265: ESQUINA - REVISAO | F265: https://www.google.com/maps/@?api=1&map_action=pano&viewpoint=-19.5945451786,-46.9470710255 | G265: FALSE
A266: 219298222 | C266: RUA GERALCINO RIBEIRO DA SILVA 175, 175, SAO PEDRO | D266: POSTE UTILIZADO - REVISAO | E266: https://www.google.com/maps/@-19.5841226,-46.9391876,3a,53.8y,12.91h,103.82t/data=!3m7!1e1!3m5!1sP4IQTNePPMasX-UEKJ0eeA!2e0!6shttps:%2F%2Fstreetviewpixels-pa.googleapis.com%2Fv1%2Fthumbnail%3Fcb_client%3Dmaps_sv.tactile%26w%3D900%26h%3D600%26pitch%3D-13.819202587196713%26panoid%3DP4IQTNePPMasX-UEKJ0eeA%26yaw%3D12.905303986122119!7i16384!8i8192?entry=ttu&g_ep=EgoyMDI2MDgxOS4wIKXMDSoASAFQAw%3D%3D | F266: https://www.google.com/maps/@?api=1&map_action=pano&viewpoint=-19.5841438905,-46.9393225099
A267: 224387533 | C267: RUA ANYSIO ROBERTO DA SILVA 120, 120, PRIMAVERAS | D267: POSTE UTILIZADO - REVISAO | E267: https://www.google.com/maps/@-19.6163251,-46.926387,3a,49.6y,203.46h,118.08t/data=!3m7!1e1!3m5!1sUxPBbowgSifltWWMzSuJUw!2e0!6shttps:%2F%2Fstreetviewpixels-pa.clients6.google.com%2Fv1%2Fthumbnail%3Fcb_client%3Dmaps_sv.tactile%26w%3D900%26h%3D600%26pitch%3D-28.08188818408911%26panoid%3DUxPBbowgSifltWWMzSuJUw%26yaw%3D203.45632116698647!7i16384!8i8192?entry=ttu&g_ep=EgoyMDI2MDgxOS4wIKXMDSoASAFQAw%3D%3D | F267: https://www.google.com/maps/@?api=1&map_action=pano&viewpoint=-19.6163202817,-46.9266485136
A268: 219992477 | C268: RUA JOSE CARLOS PEDRO GRANDE 1325, 1325, ADHEMAR RODRIGUES VALLE | D268: POSTE UTILIZADO - REVISAO | E268: https://www.google.com/maps/@-19.6156918,-46.9248669,3a,46.9y,347.79h,102.7t/data=!3m7!1e1!3m5!1smyauHft4TcHzpd45iYL58w!2e0!6shttps:%2F%2Fstreetviewpixels-pa.clients6.google.com%2Fv1%2Fthumbnail%3Fcb_client%3Dmaps_sv.tactile%26w%3D900%26h%3D600%26pitch%3D-12.697063718424104%26panoid%3DmyauHft4TcHzpd45iYL58w%26yaw%3D347.78886468498655!7i16384!8i8192?entry=ttu&g_ep=EgoyMDI2MDgxOS4wIKXMDSoASAFQAw%3D%3D | F268: https://www.google.com/maps/@?api=1&map_action=pano&viewpoint=-19.6155261749,-46.9248850474
A269: 220853334 | C269: RUA ANTONIO ALVES DA COSTA 65, 65, SAO PEDRO | D269: POSTE UTILIZADO - REVISAO | E269: https://www.google.com/maps/@-19.5846201,-46.9418725,3a,78.7y,145.35h,112.74t/data=!3m7!1e1!3m5!1s8nwOuwF_DVt23OROtiAIRA!2e0!6shttps:%2F%2Fstreetviewpixels-pa.clients6.google.com%2Fv1%2Fthumbnail%3Fcb_client%3Dmaps_sv.tactile%26w%3D900%26h%3D600%26pitch%3D-22.743172300946%26panoid%3D8nwOuwF_DVt23OROtiAIRA%26yaw%3D145.3527902584689!7i16384!8i8192?entry=ttu | F269: https://www.google.com/maps/@?api=1&map_action=pano&viewpoint=-19.5846016356,-46.9421204447
A270: 222733211 | C270: AVENIDA DAMASO DRUMMOND 2805, 2805, SAO PEDRO | D270: POSTE UTILIZADO - REVISAO | E270: https://www.google.com/maps/@-19.5826952,-46.9417878,3a,73.9y,224.6h,119.07t/data=!3m8!1e1!3m6!1sWbiv4pnZfNBakBgI6aRODA!2e0!5s20110701T000000!6shttps:%2F%2Fstreetviewpixels-pa.googleapis.com%2Fv1%2Fthumbnail%3Fcb_client%3Dmaps_sv.tactile%26w%3D900%26h%3D600%26pitch%3D-29.07096887092905%26panoid%3DWbiv4pnZfNBakBgI6aRODA%26yaw%3D224.59686896711202!7i13312!8i6656?entry=ttu&g_ep=EgoyMDI2MDgxOS4wIKXMDSoASAFQAw%3D%3D | F270: https://www.google.com/maps/@?api=1&map_action=pano&viewpoint=-19.5827268135,-46.9417358631
A271: 221704431 | C271: RUA CECILIA BITTAR ABDANUR 0, 0, CENTRO | D271: POSTE UTILIZADO - REVISAO | E271: https://www.google.com/maps/@-19.586818,-46.933906,3a,48.9y,208h,116.18t/data=!3m7!1e1!3m5!1ssrG4AU-G_K3iCYnNHtgAtA!2e0!6shttps:%2F%2Fstreetviewpixels-pa.googleapis.com%2Fv1%2Fthumbnail%3Fcb_client%3Dmaps_sv.tactile%26w%3D900%26h%3D600%26pitch%3D-26.17824509531536%26panoid%3DsrG4AU-G_K3iCYnNHtgAtA%26yaw%3D208.0013853973792!7i16384!8i8192?entry=ttu&g_ep=EgoyMDI2MDgxOS4wIKXMDSoASAFQAw%3D%3D | F271: https://www.google.com/maps/@?api=1&map_action=pano&viewpoint=-19.5868572297,-46.9339604794
A272: 222495106 | C272: RUA HENRIQUE MOURA BARRETO 70, 70, CENTRO | D272: POSTE UTILIZADO - REVISAO | E272: https://www.google.com/maps/@-19.5875696,-46.9339302,3a,51.1y,203.06h,113.88t/data=!3m7!1e1!3m5!1suyLBORrnMtPSyfzIIarrdg!2e0!6shttps:%2F%2Fstreetviewpixels-pa.googleapis.com%2Fv1%2Fthumbnail%3Fcb_client%3Dmaps_sv.tactile%26w%3D900%26h%3D600%26pitch%3D-23.88471670107468%26panoid%3DuyLBORrnMtPSyfzIIarrdg%26yaw%3D203.06079138712798!7i16384!8i8192?entry=ttu&g_ep=EgoyMDI2MDgxOS4wIKXMDSoASAFQAw%3D%3D | F272: https://www.google.com/maps/@?api=1&map_action=pano&viewpoint=-19.5876424269,-46.9340270706
A273: 222495517 | C273: RUA ANYSIO ROBERTO DA SILVA 200, 200, PRIMAVERAS | D273: ESQUINA - REVISAO | E273: https://www.google.com/maps/@-19.6163859,-46.9254917,3a,49.6y,246.48h,99.5t/data=!3m7!1e1!3m5!1sExyUb0rL4ehGyS4Q3Lm6wg!2e0!6shttps:%2F%2Fstreetviewpixels-pa.clients6.google.com%2Fv1%2Fthumbnail%3Fcb_client%3Dmaps_sv.tactile%26w%3D900%26h%3D600%26pitch%3D-9.495074593493342%26panoid%3DExyUb0rL4ehGyS4Q3Lm6wg%26yaw%3D246.4798798217596!7i16384!8i8192?entry=ttu&g_ep=EgoyMDI2MDgxOS4wIKXMDSoASAFQAw%3D%3D | F273: https://www.google.com/maps/@?api=1&map_action=pano&viewpoint=-19.6163948525,-46.9255817504
A274: 224318253 | C274: RUA DOUTOR GARIBALDI CUNHA 75, 75, CENTRO | D274: POSTE UTILIZADO - REVISAO | E274: https://www.google.com/maps/@-19.5884732,-46.9416973,3a,47.9y,104.22h,109.08t/data=!3m7!1e1!3m5!1s9it_1-Rh7ChvV8svCmQsbQ!2e0!6shttps:%2F%2Fstreetviewpixels-pa.googleapis.com%2Fv1%2Fthumbnail%3Fcb_client%3Dmaps_sv.tactile%26w%3D900%26h%3D600%26pitch%3D-19.083535757018794%26panoid%3D9it_1-Rh7ChvV8svCmQsbQ%26yaw%3D104.21533829492255!7i16384!8i8192?entry=ttu&g_ep=EgoyMDI2MDgxOS4wIKXMDSoASAFQAw%3D%3D | F274: https://www.google.com/maps/@?api=1&map_action=pano&viewpoint=-19.5885092564,-46.9416240441
A275: 221621745 | C275: RUA DOUTOR BARACUHY 82, 82, CENTRO | D275: POSTE UTILIZADO - REVISAO | E275: https://www.google.com/maps/@-19.588437,-46.94194,3a,75y,262.5h,117.64t/data=!3m7!1e1!3m5!1sSFgjXFXOwUzPF4R4X9g95g!2e0!6shttps:%2F%2Fstreetviewpixels-pa.googleapis.com%2Fv1%2Fthumbnail%3Fcb_client%3Dmaps_sv.tactile%26w%3D900%26h%3D600%26pitch%3D-27.64043293163124%26panoid%3DSFgjXFXOwUzPF4R4X9g95g%26yaw%3D262.5014348676031!7i16384!8i8192?entry=ttu&g_ep=EgoyMDI2MDgxOS4wIKXMDSoASAFQAw%3D%3D | F275: https://www.google.com/maps/@?api=1&map_action=pano&viewpoint=-19.5884774591,-46.942052563
A276: 219991759 | C276: RUA DOUTOR BARACUHY 92, 92, CENTRO | D276: POSTE UTILIZADO - REVISAO | E276: https://www.google.com/maps/@-19.5885902,-46.9420554,3a,75y,242.17h,107.24t/data=!3m7!1e1!3m5!1snBpjQm7z3_oha-77lixmxg!2e0!6shttps:%2F%2Fstreetviewpixels-pa.googleapis.com%2Fv1%2Fthumbnail%3Fcb_client%3Dmaps_sv.tactile%26w%3D900%26h%3D600%26pitch%3D-17.240126664541393%26panoid%3DnBpjQm7z3_oha-77lixmxg%26yaw%3D242.16512275016743!7i16384!8i8192?entry=ttu&g_ep=EgoyMDI2MDgxOS4wIKXMDSoASAFQAw%3D%3D | F276: https://www.google.com/maps/@?api=1&map_action=pano&viewpoint=-19.5886210214,-46.9421496241
A277: 224318251 | C277: RUA MAJOR TITO 46, 46, CENTRO | D277: POSTE UTILIZADO - REVISAO | E277: https://www.google.com/maps/@-19.5892257,-46.939902,3a,90y,238.22h,112.49t/data=!3m7!1e1!3m5!1sRGJhcW5zNyvR4XBqVVkhrQ!2e0!6shttps:%2F%2Fstreetviewpixels-pa.googleapis.com%2Fv1%2Fthumbnail%3Fcb_client%3Dmaps_sv.tactile%26w%3D900%26h%3D600%26pitch%3D-22.48734571448648%26panoid%3DRGJhcW5zNyvR4XBqVVkhrQ%26yaw%3D238.2155414656998!7i16384!8i8192?entry=ttu&g_ep=EgoyMDI2MDgxOS4wIKXMDSoASAFQAw%3D%3D | F277: https://www.google.com/maps/@?api=1&map_action=pano&viewpoint=-19.589249742,-46.9399650234
... A1398: 221621793 | C1398: RUA SANTA CRUZ 307, 307, FERTIZA | D1398: ESQUINA - REVISAO | E1398: https://www.google.com/maps/@-19.6117391,-46.9418604,3a,75y,33.99h,115.96t/data=!3m7!1e1!3m5!1sCWpQiMb-OLCaiHMt2aoCQA!2e0!6shttps:%2F%2Fstreetviewpixels-pa.googleapis.com%2Fv1%2Fthumbnail%3Fcb_client%3Dmaps_sv.tactile%26w%3D900%26h%3D600%26pitch%3D-25.963396636835213%26panoid%3DCWpQiMb-OLCaiHMt2aoCQA%26yaw%3D33.98800492327526!7i16384!8i8192?entry=ttu&g_ep=EgoyMDI2MDgxOS4wIKXMDSoASAFQAw%3D%3D | F1398: https://www.google.com/maps/@?api=1&map_action=pano&viewpoint=-19.6116864879,-46.941768754
E1399: https://www.google.com/maps/@-19.6117391,-46.9418604,3a,75y,33.99h,115.96t/data=!3m7!1e1!3m5!1sCWpQiMb-OLCaiHMt2aoCQA!2e0!6shttps:%2F%2Fstreetviewpixels-pa.googleapis.com%2Fv1%2Fthumbnail%3Fcb_client%3Dmaps_sv.tactile%26w%3D900%26h%3D600%26pitch%3D-25.963396636835213%26panoid%3DCWpQiMb-OLCaiHMt2aoCQA%26yaw%3D33.98800492327526!7i16384!8i8192?entry=ttu&g_ep=EgoyMDI2MDgxOS4wIKXMDSoASAFQAw%3D%3D | F1399: https://www.google.com/maps/@?api=1&map_action=pano&viewpoint=-19.6116864879,-46.941768754
A1400: 221621850 | C1400: RUA PAUL HARRIS 347, 347, JOAO RIBEIRO | D1400: POSTE UTILIZADO - REVISAO | E1400: https://www.google.com/maps/@-19.6004571,-46.9434587,3a,90y,178.63h,124.68t/data=!3m7!1e1!3m5!1sQTGANNkSz-31gP_fCf6umw!2e0!6shttps:%2F%2Fstreetviewpixels-pa.googleapis.com%2Fv1%2Fthumbnail%3Fcb_client%3Dmaps_sv.tactile%26w%3D900%26h%3D600%26pitch%3D-34.68148658655414%26panoid%3DQTGANNkSz-31gP_fCf6umw%26yaw%3D178.62919530636879!7i16384!8i8192?entry=ttu&g_ep=EgoyMDI2MDgxOS4wIKXMDSoASAFQAw%3D%3D | F1400: https://www.google.com/maps/@?api=1&map_action=pano&viewpoint=-19.6004849669,-46.9434929999
A1401: 222494683 | C1401: RUA JOAO MAGALHAES 33, 33, JOAO RIBEIRO | D1401: BAIXA CONFIANCA - REVISAO | E1401: https://www.google.com/maps/@-19.6008861,-46.9438816,3a,90y,82.69h,119.06t/data=!3m7!1e1!3m5!1ssDLmZqNA30A5ooX1gh0OZA!2e0!6shttps:%2F%2Fstreetviewpixels-pa.googleapis.com%2Fv1%2Fthumbnail%3Fcb_client%3Dmaps_sv.tactile%26w%3D900%26h%3D600%26pitch%3D-29.060865087836234%26panoid%3DsDLmZqNA30A5ooX1gh0OZA%26yaw%3D82.68857285874853!7i16384!8i8192?entry=ttu&g_ep=EgoyMDI2MDgxOS4wIKXMDSoASAFQAw%3D%3D | F1401: https://www.google.com/maps/@?api=1&map_action=pano&viewpoint=-19.6008782845,-46.9438789512
A1402: 223977048 | C1402: RUA JOAO MAGALHAES 77, 77, JOAO RIBEIRO | D1402: POSTE UTILIZADO - REVISAO | E1402: https://www.google.com/maps/@-19.6012562,-46.943869,3a,90y,94.55h,121.17t/data=!3m7!1e1!3m5!1sZNSxnm28Lxab6XDP3ypBSA!2e0!6shttps:%2F%2Fstreetviewpixels-pa.googleapis.com%2Fv1%2Fthumbnail%3Fcb_client%3Dmaps_sv.tactile%26w%3D900%26h%3D600%26pitch%3D-31.1662751083431%26panoid%3DZNSxnm28Lxab6XDP3ypBSA%26yaw%3D94.54862827377612!7i16384!8i8192?entry=ttu&g_ep=EgoyMDI2MDgxOS4wIKXMDSoASAFQAw%3D%3D | F1402: https://www.google.com/maps/@?api=1&map_action=pano&viewpoint=-19.6012577687,-46.9438644469
A1403: 223390431 | C1403: RUA JOAO BATISTA FERNANDES 400, 400, JOAO RIBEIRO | D1403: ESQUINA - REVISAO | E1403: https://www.google.com/maps/@-19.6015915,-46.9438499,3a,90y,116.72h,114.52t/data=!3m7!1e1!3m5!1sm_9_HTAg_2hbGZl8t4CpQQ!2e0!6shttps:%2F%2Fstreetviewpixels-pa.googleapis.com%2Fv1%2Fthumbnail%3Fcb_client%3Dmaps_sv.tactile%26w%3D900%26h%3D600%26pitch%3D-24.518946131880682%26panoid%3Dm_9_HTAg_2hbGZl8t4CpQQ%26yaw%3D116.72467245361625!7i16384!8i8192?entry=ttu&g_ep=EgoyMDI2MDgxOS4wIKXMDSoASAFQAw%3D%3D | F1403: https://www.google.com/maps/@?api=1&map_action=pano&viewpoint=-19.6015831452,-46.943849332
A1404: 219991792 | C1404: RUA JOAO MAGALHAES 103, 103, JOAO RIBEIRO | D1404: ESQUINA - REVISAO | E1404: https://www.google.com/maps/@-19.6016662,-46.943815,3a,48.9y,51.58h,118.14t/data=!3m7!1e1!3m5!1swcSLeOo-t03_oMmDkoin4Q!2e0!6shttps:%2F%2Fstreetviewpixels-pa.googleapis.com%2Fv1%2Fthumbnail%3Fcb_client%3Dmaps_sv.tactile%26w%3D900%26h%3D600%26pitch%3D-28.142781408065346%26panoid%3DwcSLeOo-t03_oMmDkoin4Q%26yaw%3D51.578258884016435!7i16384!8i8192?entry=ttu&g_ep=EgoyMDI2MDgxOS4wIKXMDSoASAFQAw%3D%3D | F1404: https://www.google.com/maps/@?api=1&map_action=pano&viewpoint=-19.6016378258,-46.9438022705
A1405: 224318377 | C1405: RUA JOAO MAGALHAES 164, 164, JOAO RIBEIRO | D1405: BAIXA CONFIANCA - REVISAO | E1405: https://www.google.com/maps/@-19.6020409,-46.9438299,3a,48.9y,24.97h,111.95t/data=!3m7!1e1!3m5!1sPzUGIhHS54oqfQviguauTA!2e0!6shttps:%2F%2Fstreetviewpixels-pa.googleapis.com%2Fv1%2Fthumbnail%3Fcb_client%3Dmaps_sv.tactile%26w%3D900%26h%3D600%26pitch%3D-21.948685384903797%26panoid%3DPzUGIhHS54oqfQviguauTA%26yaw%3D24.970279946775108!7i16384!8i8192?entry=ttu&g_ep=EgoyMDI2MDgxOS4wIKXMDSoASAFQAw%3D%3D | F1405: https://www.google.com/maps/@?api=1&map_action=pano&viewpoint=-19.6018992974,-46.9438530884
A1406: 224318385 | C1406: RUA JOAO MAGALHAES 178, 178, JOAO RIBEIRO | D1406: BAIXA CONFIANCA - REVISAO | E1406: https://www.google.com/maps/@-19.6022323,-46.9438292,3a,90y,97.22h,120.81t/data=!3m7!1e1!3m5!1s5hprhny6ZNmKGo3CoXQmWg!2e0!6shttps:%2F%2Fstreetviewpixels-pa.googleapis.com%2Fv1%2Fthumbnail%3Fcb_client%3Dmaps_sv.tactile%26w%3D900%26h%3D600%26pitch%3D-30.808186557884156%26panoid%3D5hprhny6ZNmKGo3CoXQmWg%26yaw%3D97.2240229118285!7i16384!8i8192?entry=ttu&g_ep=EgoyMDI2MDgxOS4wIKXMDSoASAFQAw%3D%3D | F1406: https://www.google.com/maps/@?api=1&map_action=pano&viewpoint=-19.6022064213,-46.9438473031
A1407: 219298220 | C1407: RUA JOAO MAGALHAES 210, 210, JOAO RIBEIRO | D1407: POSTE UTILIZADO - REVISAO | E1407: https://www.google.com/maps/@-19.6024081,-46.9438298,3a,48.9y,144.73h,112.34t/data=!3m7!1e1!3m5!1swiiISxkj2wlSFEpXB7idMA!2e0!6shttps:%2F%2Fstreetviewpixels-pa.googleapis.com%2Fv1%2Fthumbnail%3Fcb_client%3Dmaps_sv.tactile%26w%3D900%26h%3D600%26pitch%3D-22.342988951404024%26panoid%3DwiiISxkj2wlSFEpXB7idMA%26yaw%3D144.7264408466252!7i16384!8i8192?entry=ttu&g_ep=EgoyMDI2MDgxOS4wIKXMDSoASAFQAw%3D%3D | F1407: https://www.google.com/maps/@?api=1&map_action=pano&viewpoint=-19.6024594384,-46.9438408127
A1408: 222494583 | C1408: AVENIDA GETULIO VARGAS 0, 0, CENTRO | D1408: POSTE UTILIZADO - REVISAO | E1408: https://www.google.com/maps/@-19.5932672,-46.9407807,3a,75y,358.67h,112.41t/data=!3m7!1e1!3m5!1sRL_GRiL8qu7L-r6ymgR5iQ!2e0!6shttps:%2F%2Fstreetviewpixels-pa.googleapis.com%2Fv1%2Fthumbnail%3Fcb_client%3Dmaps_sv.tactile%26w%3D900%26h%3D600%26pitch%3D-22.409464790639845%26panoid%3DRL_GRiL8qu7L-r6ymgR5iQ%26yaw%3D358.67096085282805!7i16384!8i8192?entry=ttu&g_ep=EgoyMDI2MDgxOS4wIKXMDSoASAFQAw%3D%3D | F1408: https://www.google.com/maps/@?api=1&map_action=pano&viewpoint=-19.5932793235,-46.9407281845
A1409: 222494581 | C1409: AVENIDA GETULIO VARGAS 0, 0, CENTRO | D1409: POSTE UTILIZADO - REVISAO | E1409: https://www.google.com/maps/@-19.5934283,-46.9405805,3a,90y,67.16h,117.6t/data=!3m7!1e1!3m5!1stO5-Gkp3Q1vIPVSuRepG0A!2e0!6shttps:%2F%2Fstreetviewpixels-pa.googleapis.com%2Fv1%2Fthumbnail%3Fcb_client%3Dmaps_sv.tactile%26w%3D900%26h%3D600%26pitch%3D-27.595652638689018%26panoid%3DtO5-Gkp3Q1vIPVSuRepG0A%26yaw%3D67.15651109275205!7i16384!8i8192?entry=ttu&g_ep=EgoyMDI2MDgxOS4wIKXMDSoASAFQAw%3D%3D | F1409: https://www.google.com/maps/@?api=1&map_action=pano&viewpoint=-19.5934440289,-46.9405299919
A1410: 223390351 | C1410: AVENIDA GETULIO VARGAS 62, 62, CENTRO | D1410: POSTE UTILIZADO - REVISAO | E1410: https://www.google.com/maps/@-19.5937011,-46.9402643,3a,90y,29.03h,118.7t/data=!3m7!1e1!3m5!1sugMTYHzKUozWjVcul95NVw!2e0!6shttps:%2F%2Fstreetviewpixels-pa.googleapis.com%2Fv1%2Fthumbnail%3Fcb_client%3Dmaps_sv.tactile%26w%3D900%26h%3D600%26pitch%3D-28.702670152361947%26panoid%3DugMTYHzKUozWjVcul95NVw%26yaw%3D29.030921942284145!7i16384!8i8192?entry=ttu&g_ep=EgoyMDI2MDgxOS4wIKXMDSoASAFQAw%3D%3D | F1410: https://www.google.com/maps/@?api=1&map_action=pano&viewpoint=-19.5936728254,-46.9402563363
A1411: 223976910 | C1411: AVENIDA GETULIO VARGAS 137, 137, CENTRO | D1411: POSTE UTILIZADO - REVISAO | E1411: https://www.google.com/maps/@-19.5939342,-46.9399927,3a,90y,35.73h,118.71t/data=!3m7!1e1!3m5!1suVb27e6EJFMC46BnNvgiyA!2e0!6shttps:%2F%2Fstreetviewpixels-pa.googleapis.com%2Fv1%2Fthumbnail%3Fcb_client%3Dmaps_sv.tactile%26w%3D900%26h%3D600%26pitch%3D-28.711666367693724%26panoid%3DuVb27e6EJFMC46BnNvgiyA%26yaw%3D35.72929237007089!7i16384!8i8192?entry=ttu&g_ep=EgoyMDI2MDgxOS4wIKXMDSoASAFQAw%3D%3D | F1411: https://www.google.com/maps/@?api=1&map_action=pano&viewpoint=-19.593910661,-46.9399732459
... A1643: 223977841 | C1643: RUA DOM BOSCO 183, 183, CENTRO | D1643: POSTE UTILIZADO - REVISAO | E1643: https://www.google.com/maps/@-19.5955152,-46.9394658,3a,75y,76.07h,108.15t/data=!3m7!1e1!3m5!1siE6_uuT8G9Sei6EZCD_Tyw!2e0!6shttps:%2F%2Fstreetviewpixels-pa.googleapis.com%2Fv1%2Fthumbnail%3Fcb_client%3Dmaps_sv.tactile%26w%3D900%26h%3D600%26pitch%3D-18.150200639247473%26panoid%3DiE6_uuT8G9Sei6EZCD_Tyw%26yaw%3D76.07086021833832!7i16384!8i8192?entry=ttu&g_ep=EgoyMDI2MDgxOS4wIKXMDSoASAFQAw%3D%3D | F1643: https://www.google.com/maps/@?api=1&map_action=pano&viewpoint=-19.5955062166,-46.9394395945

Sheet Sheet2

Sheet Sheet1
A1: 219090082 | B1: =_xlfn.XLOOKUP(A1,[2]lista_postes!$P:$P,[2]lista_postes!$AX:$AX)
A2: 219090086 | B2: =_xlfn.XLOOKUP(A2,[2]lista_postes!$P:$P,[2]lista_postes!$AX:$AX)
A3: 219298070 | B3: =_xlfn.XLOOKUP(A3,[2]lista_postes!$P:$P,[2]lista_postes!$AX:$AX)
A4: 219298314 | B4: =_xlfn.XLOOKUP(A4,[2]lista_postes!$P:$P,[2]lista_postes!$AX:$AX)
A5: 219298767 | B5: =_xlfn.XLOOKUP(A5,[2]lista_postes!$P:$P,[2]lista_postes!$AX:$AX)
A6: 219298786 | B6: =_xlfn.XLOOKUP(A6,[2]lista_postes!$P:$P,[2]lista_postes!$AX:$AX)
A7: 219298788 | B7: =_xlfn.XLOOKUP(A7,[2]lista_postes!$P:$P,[2]lista_postes!$AX:$AX)
A8: 219298798 | B8: =_xlfn.XLOOKUP(A8,[2]lista_postes!$P:$P,[2]lista_postes!$AX:$AX)
A9: 219384929 | B9: =_xlfn.XLOOKUP(A9,[2]lista_postes!$P:$P,[2]lista_postes!$AX:$AX)
A10: 219384968 | B10: =_xlfn.XLOOKUP(A10,[2]lista_postes!$P:$P,[2]lista_postes!$AX:$AX)
A11: 219384971 | B11: =_xlfn.XLOOKUP(A11,[2]lista_postes!$P:$P,[2]lista_postes!$AX:$AX)
A12: 219385014 | B12: =_xlfn.XLOOKUP(A12,[2]lista_postes!$P:$P,[2]lista_postes!$AX:$AX)
... A218: 350236676 | B218: =_xlfn.XLOOKUP(A218,[2]lista_postes!$P:$P,[2]lista_postes!$AX:$AX)
